-- 1. 角色表数据（7种角色）
INSERT INTO roles (role_id, role_code, role_name, description) VALUES
(1, 'ENERGY_MANAGER', '能源管理员', '负责能耗监控、报表分析、制定节能方案并跟踪实施效果'),
(2, 'MAINTENANCE_STAFF', '运维人员', '负责设备故障处理、预防性维护计划制定和执行'),
(3, 'DATA_ANALYST', '数据分析师', '负责数据分析、模型优化、生成分析报告'),
(4, 'SYS_ADMIN', '系统管理员', '负责系统账号管理、权限分配、系统配置和运维'),
(5, 'MANAGEMENT', '企业管理层', '负责整体能源运营决策、项目审批和效果评估'),
(6, 'WORK_ORDER_MANAGER', '运维工单管理员', '负责工单审核、分配、跟踪和质量控制'),
(7, 'ENERGY_AUDITOR', '能源审计员', '负责能耗数据审计、合规性检查和节能潜力评估');

-- 2. 用户表数据（22个用户）
INSERT INTO users (user_id, username, password_hash, full_name, email, phone) VALUES
(1001, 'admin01', '$2y$10$xxxxxxxx', '张明', 'admin01@power.com', '13800138001'),
(1002, 'dispatcher01', '$2y$10$xxxxxxxx', '李伟', 'liwei@power.com', '13800138002'),
(1003, 'dispatcher02', '$2y$10$xxxxxxxx', '王芳', 'wangfang@power.com', '13800138003'),
(1004, 'maintain01', '$2y$10$xxxxxxxx', '赵刚', 'zhaogang@power.com', '13800138004'),
(1005, 'maintain02', '$2y$10$xxxxxxxx', '刘洋', 'liuyang@power.com', '13800138005'),
(1006, 'maintain03', '$2y$10$xxxxxxxx', '陈静', 'chenjing@power.com', '13800138006'),
(1007, 'area_mgr01', '$2y$10$xxxxxxxx', '周强', 'zhouqiang@power.com', '13800138007'),
(1008, 'area_mgr02', '$2y$10$xxxxxxxx', '吴敏', 'wumin@power.com', '13800138008'),
(1009, 'sub_mgr01', '$2y$10$xxxxxxxx', '郑涛', 'zhengtao@power.com', '13800138009'),
(1010, 'sub_mgr02', '$2y$10$xxxxxxxx', '孙丽', 'sunli@power.com', '13800138010'),
(1011, 'sub_mgr03', '$2y$10$xxxxxxxx', '马超', 'machao@power.com', '13800138011'),
(1012, 'sub_mgr04', '$2y$10$xxxxxxxx', '胡军', 'hujun@power.com', '13800138012'),
(1013, 'analyst01', '$2y$10$xxxxxxxx', '林涛', 'lintao@power.com', '13800138013'),
(1014, 'analyst02', '$2y$10$xxxxxxxx', '黄薇', 'huangwei@power.com', '13800138014'),
(1015, 'auditor01', '$2y$10$xxxxxxxx', '徐明', 'xuming@power.com', '13800138015'),
(1016, 'maintain04', '$2y$10$xxxxxxxx', '何伟', 'hewei@power.com', '13800138016'),
(1017, 'maintain05', '$2y$10$xxxxxxxx', '高飞', 'gaofei@power.com', '13800138017'),
(1018, 'maintain06', '$2y$10$xxxxxxxx', '罗丹', 'luodan@power.com', '13800138018'),
(1019, 'operator01', '$2y$10$xxxxxxxx', '丁磊', 'dinglei@power.com', '13800138019'),
(1020, 'operator02', '$2y$10$xxxxxxxx', '沈静', 'shenjing@power.com', '13800138020'),
(1021, 'operator03', '$2y$10$xxxxxxxx', '韩雪', 'hanxue@power.com', '13800138021'),
(1022, 'operator04', '$2y$10$xxxxxxxx', '杨帆', 'yangfan@power.com', '13800138022');

-- 3. 用户角色关联数据
-- 3. 用户角色关联数据（按新的7个业务角色重新分配）
INSERT INTO user_roles (user_id, role_id) VALUES
-- 能源管理员 (ENERGY_MANAGER)
(1002, 1),  -- 李伟
(1006, 1),  -- 陈静
(1018, 1),  -- 罗丹

-- 运维人员 (MAINTENANCE_STAFF)
(1004, 2),  -- 赵刚
(1005, 2),  -- 刘洋
(1011, 2),  -- 马超
(1012, 2),  -- 胡军
(1016, 2),  -- 何伟
(1017, 2),  -- 高飞

-- 数据分析师 (DATA_ANALYST)
(1003, 3),  -- 王芳
(1013, 3),  -- 林涛
(1014, 3),  -- 黄薇

-- 系统管理员 (SYS_ADMIN)
(1001, 4),  -- 张明
(1022, 4),  -- 杨帆

-- 企业管理层 (MANAGEMENT)
(1007, 5),  -- 周强
(1008, 5),  -- 吴敏

-- 运维工单管理员 (WORK_ORDER_MANAGER)
(1009, 6),  -- 郑涛
(1010, 6),  -- 孙丽
(1019, 6),  -- 丁磊
(1020, 6),  -- 沈静

-- 能源审计员 (ENERGY_AUDITOR)
(1015, 7),  -- 徐明
(1021, 7);  -- 韩雪


-- 4. 厂区表数据（5个厂区）
INSERT INTO plant_area (plant_area_id, plant_area_name, location_desc, manager_id, contact_phone) VALUES
('PA001', '华北工业园', '河北省石家庄市高新技术开发区长江大道100号', 1007, '0311-88880001'),
('PA002', '华东电力基地', '江苏省苏州市工业园区星湖街200号', 1008, '0512-66660002'),
('PA003', '华南制造中心', '广东省深圳市宝安区福永街道300号', 1007, '0755-77770003'),
('PA004', '西部能源站', '四川省成都市双流区空港大道400号', 1008, '028-55550004'),
('PA005', '东北变电枢纽', '辽宁省沈阳市铁西区重工街500号', 1007, '024-44440005');

-- 5. 变电站表数据（12个变电站）
INSERT INTO substation (substation_id, plant_area_id, substation_name, substation_location_desc, voltage_level, transformer_count, commissioning_date, responsible_user_id, contact_phone) VALUES
('SUB001', 'PA001', '华北1号主变', '工业园A区东侧，靠近原料仓库', '110kV', 2, '2020-05-15', 1009, '0311-88880011'),
('SUB002', 'PA001', '华北2号配变', '工业园B区西侧，临近冷却塔', '35kV', 1, '2021-03-20', 1009, '0311-88880012'),
('SUB003', 'PA002', '华东枢纽变电站', '基地核心区，控制大楼旁', '220kV', 3, '2019-11-08', 1010, '0512-66660021'),
('SUB004', 'PA002', '华东园区配电站', '生产基地1号线末端', '10kV', 1, '2022-01-10', 1010, '0512-66660022'),
('SUB005', 'PA003', '深圳中心变电站', '制造中心行政楼地下室', '110kV', 2, '2020-08-25', 1011, '0755-77770031'),
('SUB006', 'PA003', '深圳应急变电站', '应急发电厂隔壁', '35kV', 1, '2023-02-14', 1011, '0755-77770032'),
('SUB007', 'PA004', '成都西区变电站', '能源站主厂房西侧', '110kV', 2, '2021-07-30', 1012, '028-55550041'),
('SUB008', 'PA004', '成都东区配电站', '储能电池区东门', '10kV', 1, '2022-09-05', 1012, '028-55550042'),
('SUB009', 'PA005', '沈阳北枢纽站', '枢纽中心3号楼', '220kV', 3, '2018-12-12', 1009, '024-44440051'),
('SUB010', 'PA005', '沈阳南配电站', '物流园区入口处', '35kV', 1, '2021-10-18', 1009, '024-44440052'),
('SUB011', 'PA001', '华北3号备用站', '工业园C区应急电源房', '35kV', 1, '2023-04-22', 1009, '0311-88880013'),
('SUB012', 'PA002', '华东备用变电站', '备用发电机组旁', '110kV', 2, '2022-11-30', 1010, '0512-66660023');

-- 6. 线路监控数据（生成20条数据）
INSERT INTO circuit_monitoring_data (substation_id, circuit_id, collection_time, voltage, current, active_power, reactive_power, power_factor, forward_active_energy, reverse_active_energy, switch_status, cable_temp, capacitor_temp) VALUES
('SUB001', 'C001', '2024-03-20 08:00:00', 110.50, 1250.75, 130000.25, 35000.50, 0.95, 1250000.00, 0.00, '合闸', 45.20, 38.50),
('SUB001', 'C002', '2024-03-20 08:00:00', 110.30, 980.25, 95000.75, 28000.25, 0.92, 980000.50, 0.00, '合闸', 42.80, 36.20),
('SUB001', 'C001', '2024-03-20 09:00:00', 110.60, 1350.50, 140000.00, 38000.75, 0.96, 1390000.25, 0.00, '合闸', 46.50, 39.80),
('SUB001', 'C002', '2024-03-20 09:00:00', 110.25, 1020.75, 105000.25, 30000.50, 0.93, 1085000.75, 0.00, '合闸', 43.60, 37.40),
('SUB002', 'C001', '2024-03-20 10:00:00', 35.20, 2800.50, 85000.75, 25000.25, 0.91, 820000.00, 0.00, '合闸', 50.20, 42.30),
('SUB002', 'C001', '2024-03-20 11:00:00', 35.15, 2950.25, 90000.50, 27000.75, 0.94, 905000.50, 0.00, '合闸', 51.80, 43.60),
('SUB003', 'C001', '2024-03-20 12:00:00', 220.75, 850.25, 180000.75, 45000.50, 0.97, 1750000.00, 0.00, '合闸', 48.50, 41.20),
('SUB003', 'C002', '2024-03-20 12:00:00', 220.60, 720.75, 150000.25, 38000.75, 0.95, 1480000.50, 0.00, '合闸', 47.20, 40.50),
('SUB003', 'C003', '2024-03-20 12:00:00', 220.80, 650.50, 135000.75, 32000.25, 0.93, 1320000.75, 0.00, '分闸', 46.00, 39.80),
('SUB004', 'C001', '2024-03-20 13:00:00', 10.25, 5500.75, 52000.50, 18000.75, 0.89, 510000.25, 1250.50, '合闸', 55.20, 45.80),
('SUB004', 'C001', '2024-03-20 14:00:00', 10.20, 5800.25, 55000.75, 20000.50, 0.90, 560000.75, 1500.25, '合闸', 56.50, 46.60),
('SUB005', 'C001', '2024-03-20 15:00:00', 110.45, 1150.50, 120000.25, 33000.75, 0.94, 1180000.00, 0.00, '合闸', 44.80, 37.90),
('SUB005', 'C002', '2024-03-20 15:00:00', 110.30, 920.75, 92000.50, 26000.25, 0.91, 905000.75, 0.00, '合闸', 43.20, 36.50),
('SUB006', 'C001', '2024-03-20 16:00:00', 35.18, 2650.25, 80000.75, 24000.50, 0.92, 785000.25, 0.00, '合闸', 49.80, 41.80),
('SUB007', 'C001', '2024-03-20 17:00:00', 110.55, 1280.50, 132000.75, 36000.25, 0.95, 1300000.50, 0.00, '合闸', 45.60, 38.80),
('SUB007', 'C002', '2024-03-20 17:00:00', 110.40, 1100.75, 115000.25, 31000.75, 0.93, 1120000.75, 0.00, '合闸', 44.20, 37.40),
('SUB008', 'C001', '2024-03-20 18:00:00', 10.22, 5200.50, 50000.75, 17500.25, 0.88, 490000.50, 1800.75, '合闸', 54.80, 45.20),
('SUB009', 'C001', '2024-03-20 19:00:00', 220.85, 780.25, 165000.50, 42000.75, 0.96, 1620000.25, 0.00, '合闸', 47.80, 40.80),
('SUB009', 'C002', '2024-03-20 19:00:00', 220.70, 700.50, 145000.75, 37000.25, 0.94, 1420000.50, 0.00, '分闸', 46.50, 39.60),
('SUB010', 'C001', '2024-03-20 20:00:00', 35.22, 2700.75, 82000.25, 25500.50, 0.93, 800000.75, 0.00, '合闸', 50.60, 42.80);

-- 7. 变压器监控数据（生成20条数据）
INSERT INTO transformer_monitoring_data (substation_id, transformer_id, collection_time, load_rate, winding_temp, core_temp, ambient_temp, ambient_humidity, running_status) VALUES
('SUB001', 'T001', '2024-03-20 08:00:00', 78.50, 85.20, 82.50, 25.30, 65.20, '正常'),
('SUB001', 'T002', '2024-03-20 08:00:00', 65.80, 78.50, 76.80, 25.30, 65.20, '正常'),
('SUB001', 'T001', '2024-03-20 09:00:00', 82.30, 88.50, 85.20, 26.10, 63.80, '正常'),
('SUB001', 'T002', '2024-03-20 09:00:00', 70.25, 81.20, 79.50, 26.10, 63.80, '正常'),
('SUB002', 'T001', '2024-03-20 10:00:00', 85.60, 92.30, 89.80, 27.50, 61.50, '正常'),
('SUB002', 'T001', '2024-03-20 11:00:00', 88.20, 95.50, 92.60, 28.20, 60.80, '正常'),
('SUB003', 'T001', '2024-03-20 12:00:00', 75.80, 83.60, 81.20, 29.30, 58.50, '正常'),
('SUB003', 'T002', '2024-03-20 12:00:00', 68.90, 79.80, 77.50, 29.30, 58.50, '正常'),
('SUB003', 'T003', '2024-03-20 12:00:00', 55.40, 72.50, 70.80, 29.30, 58.50, '正常'),
('SUB004', 'T001', '2024-03-20 13:00:00', 90.25, 98.20, 95.80, 30.50, 56.20, '正常'),
('SUB004', 'T001', '2024-03-20 14:00:00', 92.80, 101.50, 98.60, 31.20, 55.80, '正常'),
('SUB005', 'T001', '2024-03-20 15:00:00', 80.60, 87.50, 85.00, 28.80, 62.50, '正常'),
('SUB005', 'T002', '2024-03-20 15:00:00', 72.40, 83.20, 80.80, 28.80, 62.50, '正常'),
('SUB006', 'T001', '2024-03-20 16:00:00', 82.50, 89.20, 86.80, 27.60, 64.20, '正常'),
('SUB007', 'T001', '2024-03-20 17:00:00', 79.80, 86.50, 84.20, 26.80, 66.50, '正常'),
('SUB007', 'T002', '2024-03-20 17:00:00', 71.20, 82.80, 80.50, 26.80, 66.50, '正常'),
('SUB008', 'T001', '2024-03-20 18:00:00', 88.60, 96.20, 93.80, 25.20, 68.80, '正常'),
('SUB009', 'T001', '2024-03-20 19:00:00', 77.20, 84.80, 82.50, 24.50, 70.20, '正常'),
('SUB009', 'T002', '2024-03-20 19:00:00', 69.80, 80.50, 78.80, 24.50, 70.20, '正常'),
('SUB010', 'T001', '2024-03-20 20:00:00', 83.90, 90.60, 88.20, 23.80, 72.50, '正常');

-- 8. 添加异常数据（模拟故障场景）
INSERT INTO circuit_monitoring_data (substation_id, circuit_id, collection_time, voltage, current, active_power, reactive_power, power_factor, forward_active_energy, reverse_active_energy, switch_status, cable_temp, capacitor_temp) VALUES
('SUB001', 'C001', '2024-03-20 21:00:00', 0.00, 0.00, 0.00, 0.00, 0.00, 1250000.00, 0.00, '分闸', 25.50, 22.30),
('SUB002', 'C001', '2024-03-20 21:00:00', 35.50, 3500.80, 105000.25, 32000.75, 0.91, 910000.50, 0.00, '合闸', 68.20, 55.60);

INSERT INTO transformer_monitoring_data (substation_id, transformer_id, collection_time, load_rate, winding_temp, core_temp, ambient_temp, ambient_humidity, running_status) VALUES
('SUB001', 'T001', '2024-03-20 21:00:00', 95.60, 120.50, 118.20, 26.50, 65.80, '异常'),
('SUB004', 'T001', '2024-03-20 21:00:00', 105.20, 130.80, 128.50, 28.20, 60.50, '异常');
